{
  "project_info": {
    "project_number": "520148522530",
    "project_id": "lypapp-app1",
    "storage_bucket": "lypapp-app1.appspot.com"
  },
  "client": [
    {
      "client_info": {
        "mobilesdk_app_id": "1:520148522530:android:aaa7333f0d6b8636075c7b",
        "android_client_info": {
          "package_name": " com.langaville.youthprogram"
        }
      },
      "oauth_client": [
        {
          "client_id": "520148522530-6ke6lqekrebohheb0ohipnjcctln18m8.apps.googleusercontent.com",
          "client_type": 3
        }
      ],
      "api_key": [
        {
          "current_key": "AIzaSyBA8U9t0fG-4Yu5DvMKO_AS7g6unO8kztc"
        }
      ],
      "services": {
        "appinvite_service": {
          "other_platform_oauth_client": [
            {
              "client_id": "520148522530-6ke6lqekrebohheb0ohipnjcctln18m8.apps.googleusercontent.com",
              "client_type": 3
            }
          ]
        }
      }
    },
    {
      "client_info": {
        "mobilesdk_app_id": "1:520148522530:android:aaa7333f0d6b8636075c7b",
        "android_client_info": {
          "package_name": "com.langaville.youthprogram"
        }
      },
      "oauth_client": [
        {
          "client_id": "520148522530-6ke6lqekrebohheb0ohipnjcctln18m8.apps.googleusercontent.com",
          "client_type": 3
        }
      ],
      "api_key": [
        {
          "current_key": "AIzaSyBA8U9t0fG-4Yu5DvMKO_AS7g6unO8kztc"
        }
      ],
      "services": {
        "appinvite_service": {
          "other_platform_oauth_client": [
            {
              "client_id": "520148522530-6ke6lqekrebohheb0ohipnjcctln18m8.apps.googleusercontent.com",
              "client_type": 3
            }
          ]
        }
      }
    }
  ],
  "configuration_version": "1"
}